,iteration_qEHVI,iteration_qNEHVI,iteration_random,mu,alpha
0,,,,5.9707,71.88
1,38.0,,,0.2636,93.18
2,,,,1.2873,77.08
3,,,,3.0073,77.91
4,,,,2.8932,75.17
5,,,,4.4851,52.58
6,,45.0,,3.8824,79.11
7,0.0,0.0,0.0,3.5459,79.68
8,,,,2.6776,70.34
9,,,,1.4854,71.62
10,,,,2.6513,77.82
11,,,43.0,0.2761,74.53
12,,,,0.6192,76.21
13,,,,1.4315,81.82
14,5.0,,,1.154,88.2
15,,33.0,,1.4656,100.95
16,,,,2.2409,68.19
17,,,,0.5272,77.91
18,,,,1.2452,68.23
19,,,,2.6976,75.42
20,33.0,,,1.3599,88.31
21,,,,1.5818,80.14
22,0.0,0.0,0.0,1.2618,81.82
23,,,,6.5665,56.81
24,,,,1.9795,76.44
25,,,,3.0199,79.71
26,,,,1.8333,69.67
27,,,18.0,1.9724,84.95
28,,,,4.0216,73.19
29,,,,1.7662,71.69
30,,,,1.9201,77.57
31,,,,0.7198,84.66
32,,,,3.9478,81.98
33,,,,3.4006,77.2
34,,,,1.9661,83.48
35,,,,4.5782,73.82
36,,,,2.3996,88.76
37,,16.0,,1.3817,88.74
38,6.0,,,0.0869,91.64
39,,,,3.3087,66.9
40,,,,1.4938,72.9
41,,,,5.7855,61.83
42,,,,3.6748,74.84
43,,,,3.0812,74.96
44,,,,4.2566,80.28
45,,,,1.6596,72.16
46,,,39.0,4.4495,59.28
47,,,,2.9733,76.76
48,,,,1.8861,70.94
49,,,,0.6521,78.27
50,,,,3.9099,76.7
51,,,,3.6805,73.08
52,,,,2.5821,69.89
53,,,,2.4961,78.23
54,,,,3.408,72.26
55,0.0,0.0,0.0,1.3426,82.23
56,,,,2.7683,76.38
57,11.0,,,1.9357,88.53
58,,,,2.1968,79.43
59,,,,1.3762,83.15
60,,,,2.8986,72.63
61,,,,2.1997,70.2
62,,,,1.511,83.31
63,,,,1.1409,81.28
64,,,,3.0386,77.08
65,,,,1.0464,77.29
66,,,,1.9638,84.36
67,,,,1.7468,64.44
68,,,,1.0117,79.17
69,,,,1.804,75.93
70,0.0,0.0,0.0,1.1906,68.18
71,,,,3.2353,49.38
72,,,,3.809,62.55
73,16.0,,,2.5207,86.43
74,,,,1.6646,87.29
75,,,,2.7923,75.92
76,,,,2.3373,71.68
77,,,,1.2697,78.74
78,,,,1.7676,68.36
79,0.0,0.0,0.0,2.2843,76.8
80,,39.0,,4.3603,84.73
81,,,,2.5166,83.06
82,,,,1.8912,82.28
83,,,,1.9723,67.87
84,,,,1.269,84.91
85,,,,1.3285,84.56
86,,,,1.4852,59.34
87,,,,2.8479,81.39
88,,,,1.7331,78.78
89,32.0,,,0.8193,92.05
90,,,,4.4952,61.37
91,,,,1.8364,74.81
92,,,,1.5556,78.5
93,,,,2.486,71.87
94,,,,3.1075,73.09
95,28.0,,,5.7591,80.83
96,,,,2.2063,81.19
97,0.0,0.0,0.0,1.6235,72.02
98,,,,4.8041,60.17
99,,,,1.5773,72.86
100,,,,1.5561,78.01
101,,,,0.4357,78.47
102,,,,2.4237,54.01
103,,,,2.825,74.46
104,,,,4.257,73.64
105,,,17.0,4.0078,83.86
106,,,,3.7184,77.07
107,,,,1.2488,74.85
108,,,,3.9547,68.58
109,,,,4.1384,74.52
110,,,,1.6608,66.92
111,,,,4.3935,71.14
112,,,,3.0669,53.52
113,,,,3.0326,79.11
114,,,,1.2846,71.36
115,,,,1.8359,68.3
116,0.0,0.0,0.0,0.9146,77.02
117,,,,1.3725,76.65
118,,,,4.919,73.17
119,,,,2.5294,73.45
120,,,,3.6115,82.85
121,,,,2.8354,74.36
122,,,,2.6679,77.6
123,,,12.0,1.9613,85.16
124,,,,5.2713,73.71
125,,26.0,,11.1767,86.37
126,,,,1.9073,79.03
127,,,,3.3747,76.2
128,,,,3.5876,69.01
129,,,,3.659,76.95
130,,,,4.0166,76.32
131,,,,1.558,79.82
132,,,,3.3447,71.92
133,,,27.0,4.8477,79.46
134,,,,1.5547,69.7
135,0.0,0.0,0.0,3.5992,70.7
136,,,,5.8058,70.26
137,,,,1.5625,80.7
138,,,,4.0207,68.83
139,0.0,0.0,0.0,0.9016,72.53
140,,,,1.3381,84.93
141,,27.0,,1.2577,88.9
142,48.0,,,1.2712,89.54
143,,,40.0,4.6409,74.76
144,,,,2.4605,61.73
145,,,,0.7479,71.36
146,,,,2.5919,78.24
147,0.0,0.0,0.0,1.0944,85.53
148,,,,1.5784,73.19
149,,,,2.9822,79.08
150,,,,3.6453,64.56
151,0.0,0.0,0.0,3.5817,55.65
152,,,35.0,2.2392,75.22
153,,,,1.0289,70.38
154,,,,3.3758,83.52
155,,7.0,,0.8114,91.74
156,,,,3.9654,74.8
157,,,,3.6427,68.38
158,,,,1.004,84.16
159,,,,4.6669,67.55
160,,,,3.026,78.81
161,,,,4.38,65.63
162,,,,1.8315,66.79
163,21.0,,,1.5728,84.69
164,,,,2.3303,62.83
165,,,,1.4316,79.77
166,,,,2.3043,73.43
167,,,,2.3036,78.25
168,,,,2.6548,77.3
169,,,,2.3671,71.21
170,,,,4.0571,78.01
171,,,,1.0455,81.89
172,,,,5.098,76.05
173,,,,5.942,62.03
174,,,,2.1513,81.04
175,,,,6.5098,76.9
176,,4.0,,3.2603,87.94
177,,,,1.021,83.07
178,,,,3.6753,74.1
179,,,,3.2992,71.12
180,14.0,,,0.246,91.19
181,,,,1.3891,77.59
182,,,,1.3776,72.42
183,,,,3.9298,68.52
184,,,,1.7955,75.3
185,,,,2.9807,74.9
186,,,,3.7615,81.97
187,,,,2.0279,76.66
188,,,,2.3336,71.03
189,,,,2.6977,74.63
190,,,,0.2151,70.45
191,26.0,,,3.2933,79.74
192,,,,2.5671,70.09
193,,,,2.0793,49.75
194,,,,3.5837,69.95
195,,,,3.083,74.29
196,,21.0,,1.2219,86.22
197,,,,1.2725,62.95
198,,,,4.4788,75.06
199,,,,3.6203,77.14
200,,,,0.3824,72.13
201,,,,7.1271,80.68
202,,,16.0,2.8382,71.86
203,,,,1.6463,70.71
204,,,,1.418,62.84
205,,,,4.0675,69.46
206,,,,1.3908,74.72
207,,,,2.172,74.07
208,,,,2.6251,77.58
209,,,,2.8553,82.32
210,0.0,0.0,0.0,4.1128,75.93
211,,,,3.2164,66.33
212,,,,4.9854,75.18
213,,9.0,,1.3052,91.78
214,,23.0,,2.6737,81.69
215,,,,3.873,69.07
216,,,,1.8963,84.81
217,,,,1.8833,71.84
218,,,,6.3962,70.05
219,,,,3.6282,69.75
220,,,34.0,3.9195,57.19
221,,,,2.3241,81.88
222,,,,1.8503,87.69
223,,,,1.8419,66.74
224,,,,2.1715,61.24
225,,,,3.1648,78.59
226,,,,3.8794,73.79
227,,,,2.4291,55.89
228,,,,2.6368,80.23
229,,,,4.2039,70.32
230,,30.0,,3.5399,84.82
231,,,,2.147,78.58
232,,,,3.828,63.68
233,,,,2.8123,76.08
234,,,,1.0703,74.32
235,,22.0,,4.011,86.52
236,,,,4.8474,70.96
237,,,,4.128,67.52
238,,,,3.0149,77.8
239,,,,3.516,73.25
240,0.0,0.0,0.0,1.5416,73.58
241,0.0,0.0,0.0,4.5158,78.25
242,,,,2.4992,80.01
243,37.0,,,1.8065,89.02
244,,,,1.6505,64.15
245,,,,4.3499,77.35
246,,,,4.4783,77.79
247,,,,2.7921,85.89
248,,,,1.871,73.96
249,,,,2.276,71.07
250,,,,2.6492,80.44
251,,,,4.0359,73.34
252,35.0,,,0.9659,84.6
253,,,,5.3567,64.59
254,,,,0.7997,63.78
255,,,,1.479,84.97
256,,,,2.4992,78.79
257,,,,1.9895,83.92
258,,,,4.9073,72.5
259,0.0,0.0,0.0,0.1946,89.33
260,,,,1.7086,81.32
261,,,,4.0452,73.63
262,,,,1.8558,69.6
263,,,,1.8513,71.99
264,,,,3.6646,73.06
265,,,,2.2535,73.12
266,,,,2.4777,69.29
267,0.0,0.0,0.0,5.1749,71.59
268,,,,1.6535,72.53
269,,,,3.0321,69.75
270,,,,3.2399,69.0
271,,,,5.165,76.8
272,,,,4.8811,65.63
273,,,,2.7418,81.04
274,,,,2.6986,76.2
275,,47.0,,1.4744,84.89
276,,,,5.4607,71.66
277,,,,3.96,79.55
278,,,,2.8774,68.75
279,,,,2.4491,68.46
280,22.0,,,3.5064,82.64
281,,49.0,,2.8552,81.78
282,,,,5.566,77.55
283,0.0,0.0,0.0,2.1899,81.16
284,,,,2.4215,57.26
285,,,,1.7488,68.58
286,,,,1.2721,77.49
287,0.0,0.0,0.0,3.7177,60.8
288,,29.0,,1.0846,90.65
289,,,,1.7992,82.39
290,,,,1.6272,80.19
291,,,,3.6336,73.89
292,0.0,0.0,0.0,4.831,77.61
293,,,,5.2836,76.65
294,,,,1.5778,78.52
295,,,,3.8469,71.01
296,,,,1.609,71.17
297,19.0,,,4.2219,87.22
298,,,30.0,3.0022,59.11
299,,,,1.4228,69.9
300,,,3.0,2.1926,76.98
301,,,,3.1675,71.98
302,,,,4.3871,72.36
303,,,,3.0708,70.62
304,,,,2.4262,82.74
305,,,,3.7953,76.21
306,,,,3.9866,54.36
307,,,,4.4486,64.99
308,,,,1.3974,73.09
309,,,,2.9812,65.54
310,,5.0,,9.3767,78.89
311,,,,2.6,58.91
312,,,,5.9374,70.41
313,,,,1.6505,80.54
314,,,,3.5342,63.76
315,,,,3.1307,71.64
316,,,,2.3936,73.79
317,,,,2.408,55.4
318,,,,2.5798,61.58
319,,,,5.4285,66.28
320,,,,3.8078,84.8
321,,,,2.8849,82.24
322,,,,3.205,70.1
323,,,49.0,1.2022,78.92
324,,,,2.4568,75.33
325,,,,0.6041,86.51
326,,,,6.7162,68.24
327,,,,1.6244,76.46
328,,,,3.3548,76.93
329,47.0,,,0.7798,84.16
330,,,,1.127,84.71
331,,,,2.6307,70.07
332,,,,2.6766,51.32
333,,,,2.7625,64.47
334,,,,1.5332,81.64
335,,,,3.4855,64.22
336,,,6.0,1.9246,60.69
337,,,,4.0323,69.16
338,,,,1.6186,72.43
339,,,,3.3317,73.62
340,7.0,,,4.9035,69.32
341,,,,5.9169,68.17
342,,,,3.9448,76.48
343,,,2.0,4.6669,79.22
344,,,,2.6805,72.18
345,,,,2.9748,61.89
346,,,,0.5925,77.66
347,,,,4.6123,69.23
348,,,,4.5987,75.8
349,,,,3.9593,66.33
350,,,,1.3399,85.01
351,,,,3.165,66.55
352,,50.0,,3.4764,79.7
353,,,,5.7142,68.68
354,,,,1.139,81.77
355,,,,1.8133,55.96
356,,,,2.8718,72.24
357,,,,2.9969,78.02
358,,,,2.6706,71.53
359,,,,0.9873,75.21
360,,,,3.2276,57.77
361,,,,3.7432,65.59
362,,,,2.5896,84.79
363,,,,3.2382,72.21
364,,,,4.4725,74.64
365,,,,2.885,77.03
366,,,42.0,1.296,84.66
367,,,37.0,1.0255,69.85
368,,,,1.9021,74.49
369,,,,3.6755,81.07
370,,,38.0,5.1,68.93
371,,,,2.3034,78.12
372,45.0,,,1.7527,86.67
373,,,26.0,3.3153,75.2
374,,,,1.1436,81.41
375,,,,3.0647,86.0
376,,,,4.8194,73.97
377,,,,2.4664,68.55
378,,,,4.7087,81.55
379,,,,1.8787,64.9
380,41.0,,,3.8424,83.36
381,,,,0.8788,80.93
382,,,,1.8246,84.18
383,,,,1.9801,75.06
384,,,,2.6703,77.54
385,,,,1.5238,75.95
386,,,,2.8487,64.28
387,,,,2.4381,60.01
388,,18.0,,1.323,86.46
389,,,,3.4487,68.54
390,,,,2.5141,81.08
391,,,,2.2869,69.64
392,44.0,,,1.6384,85.09
393,,,,3.9324,74.83
394,,,,1.7678,72.76
395,,,,2.1496,70.22
396,0.0,0.0,0.0,0.1074,95.83
397,,,8.0,1.5346,79.03
398,,,,1.929,64.02
399,,,,3.6038,75.39
400,,,13.0,3.9623,69.26
401,,,,1.8971,80.14
402,,,,2.6196,68.97
403,,,,4.4768,57.51
404,,,,3.6026,78.42
405,3.0,,,0.0585,91.3
406,,,,1.6942,80.89
407,,,,2.1082,84.16
408,20.0,,,0.6042,92.15
409,,,,1.4814,74.11
410,,,,4.5933,73.22
411,,,,2.9229,68.72
412,,,,4.4014,66.83
413,,,,1.2128,59.05
414,,,,3.8176,65.14
415,,,,2.2489,62.85
416,0.0,0.0,0.0,1.651,77.83
417,,1.0,,1.3529,91.7
418,,,,1.549,74.88
419,0.0,0.0,0.0,3.6236,82.03
420,,,,5.1164,79.14
421,,,,4.8657,79.44
422,,,,3.2137,64.69
423,,32.0,,2.8356,81.68
424,,,,0.2766,69.38
425,,,,2.1785,69.82
426,,,,1.7996,82.62
427,,,,4.4022,64.1
428,,,,1.4898,73.03
429,,,,2.2051,56.3
430,,,,3.9199,79.63
431,,,,1.7886,80.59
432,,,,1.7079,70.42
433,,,,2.1465,84.56
434,,,,3.4818,71.22
435,,,,5.9599,56.52
436,17.0,,,0.8932,93.76
437,,,,3.7283,59.55
438,,37.0,,4.244,83.36
439,,,,3.8301,77.15
440,,,,2.6852,73.0
441,,,,1.6656,72.19
442,,,,4.696,77.99
443,,,,1.4469,79.57
444,,,,4.8736,88.12
445,,,,4.7888,74.16
446,,,,3.8064,73.82
447,,,,4.071,76.82
448,0.0,0.0,0.0,2.0794,83.58
449,,,,2.8776,75.18
450,,,,4.3339,72.85
451,,,,1.5901,83.03
452,12.0,,,1.0976,91.2
453,,,,4.4351,63.6
454,,,,2.495,80.0
455,,,,2.4439,82.89
456,,,,4.202,80.04
457,,,,1.8872,70.96
458,,,,2.7611,67.47
459,,,,2.1995,80.38
460,,36.0,,4.3169,85.04
461,,,,3.8378,69.69
462,,,,1.0051,79.15
463,0.0,0.0,0.0,1.2389,74.35
464,,,11.0,4.0771,61.57
465,,34.0,,1.5094,85.13
466,,,,2.2923,55.73
467,,,,1.7861,80.67
468,,,,1.4338,91.21
469,,,,1.9142,61.49
470,,,,5.3149,71.28
471,,,,3.9401,67.33
472,,,,2.8597,77.62
473,,,,3.6805,65.58
474,,,,3.2374,85.44
475,,,,3.3002,80.68
476,,,,2.1887,78.59
477,,,,1.0615,78.73
478,,,,1.5061,67.25
479,46.0,,,0.8092,95.58
480,39.0,,,0.9785,82.37
481,,,,3.6121,52.8
482,,,,1.1827,79.06
483,,,,1.7371,64.4
484,,,,1.781,84.26
485,,,,2.1539,72.8
486,,,9.0,2.7821,62.27
487,,,,4.0379,71.78
488,,,32.0,2.3074,69.85
489,,,,1.5219,79.66
490,,,,2.94,66.59
491,,,,4.5127,73.95
492,,,,4.9466,62.64
493,,25.0,,2.5432,80.92
494,,,,1.251,64.02
495,,,36.0,1.3904,70.39
496,,,,3.5746,55.64
497,,,,1.432,84.37
498,,,,2.9755,79.08
499,,,,1.0416,82.36
500,0.0,0.0,0.0,4.2387,85.22
501,,,,1.3518,67.73
502,,,,2.0922,67.7
503,,,,4.2697,58.62
504,,,,3.4575,69.58
505,,,,0.5587,88.05
506,,,,2.2015,66.21
507,,,,2.3985,81.05
508,,,,5.1918,81.46
509,,,,1.2998,78.16
510,,28.0,,2.9608,81.23
511,,,,2.3412,66.28
512,,,,0.7598,67.69
513,,31.0,,0.2969,89.57
514,0.0,0.0,0.0,0.8597,82.89
515,,15.0,,1.2194,85.47
516,,,,1.4225,79.0
517,,,,2.2306,78.67
518,,,,2.7081,70.86
519,,,,1.733,81.28
520,0.0,0.0,0.0,1.2231,61.92
521,,,,1.7584,66.74
522,,,,3.4748,72.35
523,,,,2.8301,82.0
524,,,,1.2253,76.16
525,31.0,,,0.6509,94.61
526,,,,3.634,76.03
527,,,22.0,0.9699,73.46
528,,3.0,,3.7524,89.92
529,42.0,,,1.7692,88.55
530,,,,14.0608,81.62
531,,,,3.0944,76.21
532,,,,5.2359,74.33
533,,,,4.3812,77.74
534,,,,1.7124,68.17
535,,,,1.4478,74.54
536,,,,7.1421,69.77
537,,,,3.1247,74.73
538,,,,1.8264,69.79
539,,,,1.8547,78.58
540,,,,3.6301,79.79
541,,,,1.7034,72.03
542,36.0,,,3.2214,88.28
543,,,,4.7933,75.67
544,18.0,,,1.0888,88.0
545,,,,3.2299,68.26
546,,,,1.6625,74.65
547,,,,3.4257,82.02
548,,,,2.3449,74.84
549,,,,3.3666,83.99
550,,,,1.7413,77.75
551,,42.0,,4.2081,77.59
552,,,,1.8452,70.66
553,,,,0.898,71.86
554,,,,1.7324,74.25
555,,,,2.718,74.99
556,13.0,,,1.6272,88.95
557,,,,1.4112,82.31
558,,,,4.3468,65.58
559,,,,4.6763,77.94
560,,,,3.8275,72.41
561,,,,3.6081,78.65
562,,,,2.6238,77.34
563,,,,0.8515,78.54
564,,,,3.8414,72.13
565,,,,3.6489,76.77
566,0.0,0.0,0.0,1.2552,75.34
567,,,,3.1285,70.12
568,0.0,0.0,0.0,1.7984,76.35
569,,,31.0,2.9467,67.73
570,,,,4.2174,69.15
571,,,,2.2138,78.53
572,,,,3.1679,73.32
573,,,,5.1817,81.28
574,,,,1.1678,84.03
575,,,,3.5541,80.59
576,,,,2.4287,77.86
577,10.0,,,0.995,86.27
578,,,,4.4823,72.67
579,,,,0.6992,77.18
580,,,,3.7817,82.93
581,,,,1.5906,75.59
582,,,,1.2292,76.19
583,,,,0.1679,79.55
584,,,,1.5434,72.49
585,,,,1.9545,69.49
586,,,,2.0053,65.41
587,,,,2.5876,74.45
588,,,,3.8621,63.19
589,,,,3.6632,76.2
590,,,,2.5397,71.03
591,,,,5.068,77.15
592,,,,3.3407,76.68
593,27.0,,,0.2351,88.49
594,,,,1.3609,81.78
595,,,,2.9047,62.26
596,,,,0.5565,65.13
597,,,,3.1558,68.6
598,,,21.0,2.4995,81.26
599,,,,2.4017,59.91
600,,14.0,,1.425,82.24
601,,40.0,,2.9703,85.95
602,,,,2.5632,72.0
603,,,,3.1585,76.02
604,,,,4.3519,70.52
605,,,,2.6379,81.4
606,,,,4.3141,75.36
607,,,,5.1825,74.57
608,,,,2.4859,63.97
609,,,,5.7223,90.14
610,,,46.0,0.7567,78.09
611,,,7.0,3.4946,76.14
612,0.0,0.0,0.0,3.3904,76.69
613,,,,3.0777,79.42
614,,,,3.2896,56.29
615,,,,1.6894,67.89
616,,,,1.8932,78.99
617,,,,1.4579,72.99
618,,,,1.5017,70.28
619,,,10.0,2.0862,66.01
620,,,,3.4933,69.91
621,,,,1.6105,72.39
622,,,,2.1113,74.3
623,,,5.0,1.6712,73.45
624,0.0,0.0,0.0,2.7428,79.25
625,,,,3.4953,55.38
626,,35.0,,3.3733,82.8
627,,,,2.8542,61.29
628,,,,5.7462,63.52
629,,,,2.462,57.94
630,,,,1.0858,83.94
631,,,,2.5775,78.11
632,,,,3.3302,56.72
633,50.0,,,0.8866,82.34
634,,,,1.1731,82.03
635,,,25.0,1.0706,73.73
636,,,,2.1434,78.14
637,,,,4.1767,76.87
638,,,,1.4922,84.33
639,,,,3.374,65.47
640,,,15.0,2.0362,76.69
641,,,,5.0998,74.26
642,,,,2.7616,71.53
643,,,,3.4302,79.36
644,,,,0.4879,76.61
645,,,,6.0551,63.63
646,,,,4.0365,67.75
647,,,,1.637,60.89
648,,,,2.7712,43.08
649,,,,2.3613,77.1
650,,,,1.0414,83.25
651,,,,2.5379,72.81
652,,,,2.2167,83.15
653,,,,3.0191,68.42
654,,,24.0,4.0902,72.94
655,,,,2.0682,88.83
656,,,,3.0559,70.09
657,,,,3.2199,80.41
658,,,,0.1133,74.26
659,,,,1.9667,64.26
660,,,,2.9406,74.8
661,0.0,0.0,0.0,0.2448,77.8
662,,,,3.8469,62.3
663,,,,0.8488,75.71
664,,,,2.9301,69.49
665,,,,1.2835,84.97
666,,,,3.9183,74.13
667,,,,1.7031,84.64
668,,,,4.8076,78.29
669,,8.0,,2.7709,85.44
670,,,,1.4775,87.87
671,,,,5.1537,57.25
672,,,,2.9602,70.65
673,,,,4.117,66.34
674,,,,3.5877,78.64
675,,,,3.9097,67.8
676,,,,3.2936,78.26
677,,,,2.6978,78.65
678,,,,3.6176,70.63
679,,,,1.5644,78.8
680,,,,2.313,75.22
681,,,,7.0618,67.4
682,,,1.0,0.818,62.41
683,,,,3.6542,78.7
684,0.0,0.0,0.0,6.534,69.93
685,,,,4.3886,74.22
686,,,,1.8359,74.34
687,,,48.0,3.7065,56.39
688,,,,4.4181,68.2
689,,,,1.4048,80.07
690,,,,1.5816,81.34
691,,,,4.8844,84.97
692,,,,3.7883,64.12
693,,,,1.8604,69.88
694,,,,2.4278,56.55
695,,,,3.6309,73.38
696,,13.0,,2.8708,86.71
697,0.0,0.0,0.0,5.5378,68.09
698,,,,2.8036,69.97
699,,,,2.1095,74.41
700,,,,3.6492,68.08
701,,20.0,,0.2361,95.02
702,,,,2.3528,77.79
703,0.0,0.0,0.0,3.3641,32.83
704,,,,2.7577,67.08
705,,,,2.1853,87.87
706,,,,3.2563,73.45
707,,,33.0,2.1477,77.32
708,,,,1.7483,81.01
709,,,,2.9689,77.68
710,,,,1.6791,80.09
711,,38.0,,1.9076,78.48
712,,,,1.7429,75.96
713,,,,3.2403,69.79
714,,,,0.291,85.7
715,,,,3.248,66.88
716,8.0,,,0.1587,95.51
717,,,,2.2604,70.77
718,,,,2.331,81.46
719,25.0,,,0.3297,91.06
720,,,,2.3469,80.24
721,,,,6.2546,74.5
722,,,,2.6009,74.08
723,,,,1.8765,69.94
724,,41.0,,2.434,84.46
725,,,,2.6105,68.91
726,,46.0,,4.0237,81.08
727,,,,5.4466,75.78
728,,2.0,,0.0661,95.3
729,,,,1.5081,78.68
730,,,,1.225,80.08
731,,,,1.3996,78.02
732,40.0,,,0.1246,93.13
733,,,,2.6659,72.96
734,0.0,0.0,0.0,0.0584,84.48
735,,,,2.0601,73.72
736,,,,1.2643,78.41
737,,,,1.261,81.65
738,,,,4.9889,72.52
739,,,,2.0586,86.33
740,,24.0,,3.3506,83.01
741,,,,1.8836,66.63
742,,,50.0,1.6994,67.79
743,,12.0,,0.0764,95.73
744,,,4.0,4.2349,76.68
745,,43.0,,2.4943,82.69
746,,,,2.3,78.26
747,,,,2.5385,71.26
748,0.0,0.0,0.0,2.0767,72.87
749,,,,4.7974,71.36
750,,,,1.5186,70.24
751,,,,3.1715,82.02
752,,,,2.137,72.98
753,,,,3.2491,77.52
754,,,,1.9691,69.41
755,,,,6.2828,80.43
756,,,,2.6739,63.72
757,,,,1.8814,77.33
758,,,,3.0933,81.67
759,30.0,,,4.3122,83.41
760,,,,1.4818,72.31
761,,,,1.6129,78.23
762,,,,1.6077,79.41
763,,,28.0,3.9438,82.29
764,,,,0.7892,73.24
765,,,,1.3778,62.69
766,,,,1.1691,77.68
767,,,,4.589,76.12
768,,,,0.2579,75.93
769,,,,3.0374,68.01
770,,,,1.5762,82.24
771,,,,1.8019,79.48
772,,,,0.821,81.79
773,,,44.0,1.5121,80.41
774,,,,3.1499,79.13
775,,,23.0,5.7198,51.27
776,,,,2.1217,75.22
777,34.0,,,1.5551,89.06
778,,,,2.5404,71.75
779,,,,2.6714,64.86
780,,,,1.2366,73.76
781,,,,1.4011,68.31
782,,,,3.667,78.85
783,,,,3.6358,71.91
784,,,,5.1252,77.91
785,,,,2.684,81.97
786,,,,1.8246,69.99
787,,,,1.6602,70.97
788,,,,0.9583,60.93
789,0.0,0.0,0.0,1.9663,79.47
790,,,,1.5957,60.8
791,,,,0.7524,79.7
792,,,,3.1313,75.33
793,,,,2.0376,74.33
794,,,,17.7162,74.31
795,,,,2.1286,76.4
796,,,,1.3717,81.86
797,,,,1.9409,56.47
798,,,,1.5664,70.55
799,,,,2.438,76.17
800,,,,3.7825,72.67
801,,,,4.5417,68.02
802,,11.0,,4.2386,81.18
803,,,,2.0785,71.95
804,,,,1.5846,69.67
805,,,,1.1903,75.32
806,,,,3.8643,71.39
807,,,,1.3738,80.13
808,,,,0.996,79.86
809,,,,1.5501,75.74
810,,,,1.5016,66.83
811,43.0,,,2.9907,79.61
812,,,,6.435,67.8
813,,,,0.3672,64.55
814,,,,1.9606,76.9
815,,,,4.2133,65.34
816,,,,4.1362,80.03
817,,,,1.3484,64.04
818,,,,2.1,83.65
819,,,,3.7834,73.37
820,,,,1.9424,76.3
821,,,,3.7475,80.63
822,0.0,0.0,0.0,1.4235,66.81
823,,,,1.731,66.73
824,2.0,,,2.3845,91.0
825,,,,1.6507,72.79
826,,,,1.9409,82.2
827,0.0,0.0,0.0,2.5373,73.93
828,,,,2.8058,83.36
829,,,,4.1778,77.39
830,,,,2.1842,67.64
831,15.0,,,1.352,88.93
832,0.0,0.0,0.0,3.5847,87.02
833,,,,2.4547,69.51
834,,,,1.9795,74.28
835,,17.0,,1.0399,84.9
836,0.0,0.0,0.0,2.5796,71.73
837,,,,1.5416,81.34
838,,,,3.6788,73.77
839,,,,2.6465,82.14
840,,,,4.8194,77.61
841,,,,1.6262,77.52
842,,,,2.3992,74.12
843,,,,2.477,80.63
844,,,,2.4625,60.1
845,,,29.0,1.1867,74.11
846,,,,5.5865,58.89
847,,,,3.2114,73.26
848,,,,2.5552,56.26
849,23.0,,,0.2381,97.21
850,,,,4.1612,76.45
851,,,,1.5134,67.92
852,,,,3.3785,76.86
853,49.0,,,1.2549,88.76
854,,,,3.2521,81.86
855,,,,1.3937,71.03
856,,,,1.7836,75.26
857,,,,3.2758,80.69
858,,,,5.0972,72.22
859,,,14.0,5.0143,83.25
860,,,,2.5122,62.59
861,,,41.0,1.6336,64.77
862,,,,3.9331,67.29
863,,48.0,,4.3773,78.77
864,,,,3.2031,82.24
865,,,,1.9151,65.84
866,,,,6.2139,71.09
867,,,,3.7967,71.82
868,,,,1.8233,68.22
869,0.0,0.0,0.0,1.0891,68.65
870,,,,1.1493,71.14
871,,,,2.5846,75.16
872,,,,4.0091,70.32
873,,,,2.3358,65.84
874,,,,2.3814,82.66
875,,,20.0,1.1407,73.45
876,,,,4.3194,77.97
877,,,,5.1203,65.12
878,,,,0.9819,73.02
879,,,,4.3633,60.12
880,9.0,,,0.1806,89.48
881,,,,3.9695,70.26
882,,,,1.6157,69.09
883,,,,4.1015,61.93
884,,,,2.1948,79.96
885,,,,3.8521,76.25
886,,,,8.8749,52.78
887,,,,4.9799,74.12
888,,,,1.5695,83.62
889,,,,1.7033,76.39
890,,,,1.7456,79.97
891,,,,3.6551,65.88
892,,,,6.5576,78.61
893,,,19.0,3.6826,79.17
894,,,,3.2556,68.59
895,29.0,,,1.5279,83.85
896,,,,1.6697,82.03
897,,,,4.74,73.0
898,0.0,0.0,0.0,0.1508,90.72
899,,,,1.8714,78.69
900,0.0,0.0,0.0,4.1499,73.02
901,,,,5.3679,82.36
902,0.0,0.0,0.0,3.696,77.55
903,4.0,,,0.9342,86.55
904,,,,2.822,68.65
905,,,,5.6386,66.99
906,,,45.0,5.2515,76.98
907,,,,3.9074,67.83
908,,,,0.8186,80.55
909,,,,3.9124,70.28
910,,,,3.819,75.52
911,,,,1.5733,74.07
912,,6.0,,6.8054,73.99
913,1.0,,,2.6234,79.96
914,0.0,0.0,0.0,2.8611,81.57
915,,,,2.8367,69.02
916,,,,1.9001,74.93
917,,,,1.9283,69.19
918,,,,2.0153,69.38
919,,,,3.1413,75.76
920,,,,2.7987,71.64
921,,,,5.9931,79.08
922,,,,2.0892,86.78
923,,,,3.7451,69.99
924,,10.0,,5.9914,69.75
925,,,,5.0913,75.98
926,24.0,,,1.5992,91.69
927,,,,6.3854,72.85
928,,,,4.4962,72.54
929,,,,2.0351,75.98
930,,,,1.639,79.79
931,0.0,0.0,0.0,2.3852,81.58
932,,,,4.2991,72.32
933,,,,1.8027,82.77
934,,,,2.4304,78.31
935,,,,2.3234,71.31
936,,,,0.5669,77.8
937,,,,0.9052,74.78
938,,44.0,,1.6769,76.6
939,0.0,0.0,0.0,2.7414,74.89
940,,,,0.6505,77.32
941,,,,2.9751,68.86
942,,,,2.2533,68.15
943,,,47.0,3.3274,69.77
944,,,,2.5473,83.64
945,,,,3.0622,72.69
946,,,,3.3356,64.34
947,,,,1.3113,68.68
948,,,,2.491,74.15
949,,,,4.299,72.26
950,,19.0,,1.209,84.99
951,,,,4.4461,79.79
952,0.0,0.0,0.0,3.6005,75.25
953,,,,3.3987,64.79
